incident_id,date,species,habitat_type,distance_to_settlement,conflict_type,minor_injuries,major_injuries,number_of_deaths,economic_loss
1,2021-07-14,Elephant,Wetland,7.06,Property Damage,2,2,1,2075.14
2,2020-11-16,Wild Boar,Wetland,4.59,Human Injury,1,0,0,6630.91
3,2021-09-25,Leopard,Grassland,3.10,Livestock Predation,2,2,1,5449.19
4,2020-02-18,Leopard,Wetland,3.61,Crop Raiding,3,2,1,6873.75
5,2020-01-24,Leopard,Forest,4.87,Property Damage,2,0,2,7047.39
6,2020-12-21,Wild Boar,Wetland,3.19,Property Damage,0,2,0,8954.65
7,2020-06-13,Monkey,Wetland,6.93,Livestock Predation,3,0,1,7585.68
8,2021-09-13,Monkey,Grassland,5.14,Livestock Predation,3,2,2,8283.69
9,2021-02-13,Wild Boar,Forest,7.19,Crop Raiding,1,2,0,1588.11
10,2022-06-17,Wild Boar,Forest,4.20,Crop Raiding,0,1,2,2299.20
11,2021-08-23,Monkey,Forest,1.42,Crop Raiding,3,0,2,1033.10
12,2022-07-20,Tiger,Grassland,2.93,Human Injury,2,0,2,3825.64
13,2022-09-23,Monkey,Wetland,6.91,Crop Raiding,2,2,2,5997.69
14,2021-09-12,Monkey,Wetland,6.47,Livestock Predation,3,1,1,4199.80
15,2022-05-09,Wild Boar,Grassland,4.75,Livestock Predation,1,1,2,5385.62
16,2020-09-15,Monkey,Wetland,6.57,Human Death,0,1,0,7414.03
17,2021-04-25,Tiger,Forest,2.23,Human Death,2,2,1,523.56
18,2020-01-24,Wild Boar,Grassland,5.68,Property Damage,3,1,2,782.06
19,2020-10-25,Monkey,Wetland,9.73,Property Damage,1,1,1,3456.22
20,2021-02-09,Leopard,Grassland,1.35,Livestock Predation,0,1,0,8395.31
21,2020-11-09,Monkey,Forest,7.30,Human Death,2,2,1,6384.09
22,2022-04-15,Elephant,Forest,6.56,Property Damage,3,0,2,5153.85
23,2022-09-08,Tiger,Grassland,8.79,Livestock Predation,3,0,0,5448.38
24,2020-05-25,Elephant,Forest,6.65,Human Death,3,2,2,5506.69
25,2020-07-15,Wild Boar,Grassland,3.26,Crop Raiding,1,0,1,2591.26
26,2020-08-13,Elephant,Forest,3.89,Livestock Predation,1,0,1,7738.35
27,2021-05-18,Monkey,Wetland,0.56,Crop Raiding,3,1,0,6543.91
28,2022-09-10,Tiger,Wetland,7.10,Crop Raiding,1,2,1,4749.58
29,2021-12-27,Tiger,Wetland,2.89,Human Injury,1,0,0,7205.27
30,2022-08-02,Elephant,Wetland,8.97,Property Damage,1,1,2,2411.43
31,2022-07-10,Monkey,Forest,8.47,Human Injury,3,0,2,5459.62
32,2021-09-17,Tiger,Grassland,6.28,Human Injury,1,2,1,2358.98
33,2020-09-18,Monkey,Grassland,7.44,Property Damage,1,0,1,7427.08
34,2021-01-24,Leopard,Grassland,7.78,Human Death,3,1,2,2902.04
35,2020-05-09,Wild Boar,Forest,9.79,Human Death,2,2,1,2386.45
36,2022-10-23,Monkey,Wetland,9.00,Livestock Predation,3,0,1,6112.66
37,2021-01-08,Elephant,Forest,1.24,Property Damage,1,2,0,5030.65
38,2022-02-08,Wild Boar,Forest,9.51,Livestock Predation,0,0,2,774.08
39,2022-10-11,Monkey,Forest,3.77,Human Death,1,0,1,8633.22
40,2021-11-28,Elephant,Grassland,3.15,Human Death,0,2,1,1032.32
41,2021-10-11,Tiger,Forest,5.91,Livestock Predation,0,0,2,6410.20
42,2020-02-09,Elephant,Grassland,3.42,Human Death,0,0,0,8099.97
43,2021-05-31,Monkey,Wetland,6.81,Human Death,2,2,2,3546.03
44,2020-02-02,Elephant,Forest,3.71,Livestock Predation,3,1,1,2242.86
45,2022-08-02,Tiger,Grassland,4.19,Property Damage,0,1,2,4129.66
46,2020-04-12,Tiger,Grassland,8.65,Livestock Predation,3,1,0,3335.91
47,2020-04-18,Tiger,Grassland,9.19,Property Damage,3,1,2,4091.04
48,2022-09-28,Monkey,Grassland,7.20,Human Injury,1,2,2,9868.63
49,2020-03-16,Elephant,Forest,7.94,Livestock Predation,3,2,0,8465.02
50,2022-09-06,Monkey,Forest,8.31,Human Injury,2,2,2,3424.16
51,2022-01-02,Elephant,Forest,7.49,Crop Raiding,2,0,1,757.77
52,2020-01-16,Elephant,Grassland,6.18,Crop Raiding,3,1,1,3510.54
53,2022-10-02,Wild Boar,Grassland,3.98,Livestock Predation,2,0,1,8789.00
54,2022-09-14,Tiger,Grassland,3.86,Human Injury,1,1,1,7021.84
55,2020-03-22,Monkey,Forest,8.85,Human Death,1,2,0,8586.12
56,2022-07-02,Tiger,Forest,0.73,Livestock Predation,1,0,0,7989.35
57,2020-11-20,Tiger,Forest,6.46,Livestock Predation,2,2,2,3814.37
58,2022-08-08,Leopard,Grassland,0.44,Human Death,3,2,2,7869.06
59,2020-10-22,Tiger,Wetland,2.66,Crop Raiding,1,2,1,7283.62
60,2020-05-28,Tiger,Grassland,9.78,Property Damage,2,2,1,9964.69
61,2022-09-22,Wild Boar,Forest,5.04,Crop Raiding,0,0,1,3686.37
62,2020-04-09,Elephant,Forest,5.02,Human Death,3,1,2,9803.17
63,2022-09-25,Wild Boar,Grassland,4.92,Crop Raiding,1,1,2,7972.54
64,2020-10-24,Elephant,Grassland,7.12,Human Injury,3,1,2,8926.84
65,2021-02-05,Monkey,Forest,0.45,Livestock Predation,0,1,0,1636.74
66,2020-03-31,Monkey,Forest,7.56,Property Damage,3,0,2,1004.44
67,2022-02-19,Elephant,Wetland,4.85,Property Damage,2,0,0,9847.74
68,2022-12-13,Monkey,Grassland,9.26,Property Damage,1,2,0,3878.50
69,2022-04-30,Wild Boar,Wetland,4.74,Property Damage,1,2,2,4417.73
70,2020-10-14,Monkey,Forest,7.37,Property Damage,1,2,0,190.68
71,2021-12-20,Monkey,Forest,7.22,Human Death,1,2,0,635.38
72,2020-02-29,Monkey,Grassland,5.11,Crop Raiding,1,2,1,812.49
73,2022-04-28,Monkey,Forest,3.95,Property Damage,0,0,0,3124.51
74,2022-08-26,Elephant,Grassland,7.71,Livestock Predation,0,1,2,5954.11
75,2021-01-11,Leopard,Grassland,1.45,Human Death,0,0,2,819.09
76,2021-09-29,Elephant,Wetland,6.36,Crop Raiding,3,0,1,6790.15
77,2021-03-02,Elephant,Forest,4.68,Human Death,0,1,2,8939.06
78,2021-03-17,Leopard,Forest,2.65,Livestock Predation,0,1,0,1452.53
79,2021-08-06,Leopard,Forest,1.91,Human Death,0,1,0,26.79
80,2022-08-08,Monkey,Wetland,8.31,Human Death,0,2,1,3428.11
81,2022-08-26,Elephant,Wetland,1.63,Crop Raiding,2,1,2,2961.01
82,2020-11-06,Wild Boar,Forest,5.65,Livestock Predation,3,0,0,9396.68
83,2022-06-30,Wild Boar,Wetland,5.80,Human Injury,2,1,1,2551.07
84,2021-04-18,Wild Boar,Forest,4.86,Property Damage,1,2,0,5078.54
85,2022-03-21,Wild Boar,Wetland,1.36,Livestock Predation,1,2,1,1402.63
86,2020-02-11,Monkey,Forest,1.79,Property Damage,0,1,0,8857.47
87,2022-01-29,Elephant,Wetland,5.45,Livestock Predation,0,1,0,7072.78
88,2020-01-25,Monkey,Forest,8.75,Property Damage,2,1,1,6918.61
89,2021-12-03,Leopard,Forest,5.93,Property Damage,0,1,2,6214.50
90,2021-06-09,Leopard,Wetland,3.48,Human Injury,0,1,2,3773.23
91,2021-09-14,Tiger,Grassland,9.59,Crop Raiding,1,0,0,1876.34
92,2020-09-18,Tiger,Forest,4.60,Crop Raiding,2,1,2,2180.21
93,2022-07-31,Elephant,Wetland,5.22,Property Damage,2,2,2,911.60
94,2020-10-25,Tiger,Forest,4.89,Human Death,3,0,0,6852.60
95,2021-12-20,Wild Boar,Forest,8.23,Livestock Predation,2,2,2,3115.46
96,2021-01-03,Tiger,Grassland,4.77,Crop Raiding,3,1,2,2624.40
97,2021-05-26,Tiger,Wetland,8.78,Livestock Predation,1,0,0,3723.91
98,2022-01-27,Leopard,Grassland,7.11,Human Injury,2,2,0,4672.30
99,2022-01-23,Elephant,Wetland,7.24,Human Death,0,2,2,9787.63
100,2022-03-09,Monkey,Wetland,8.16,Human Death,3,0,2,6233.79
101,2022-05-11,Wild Boar,Forest,4.21,Human Death,1,2,0,5715.69
102,2022-02-12,Monkey,Wetland,7.04,Human Death,1,2,1,4725.78
103,2020-10-20,Leopard,Forest,3.94,Crop Raiding,3,0,2,7822.12
104,2021-08-29,Wild Boar,Wetland,0.71,Human Injury,3,0,1,1689.19
105,2022-02-02,Wild Boar,Forest,6.23,Livestock Predation,1,1,0,6604.88
106,2022-02-21,Elephant,Wetland,0.08,Livestock Predation,1,0,2,1389.51
107,2021-06-29,Tiger,Forest,6.81,Crop Raiding,1,2,0,2840.20
108,2021-03-01,Tiger,Wetland,3.58,Human Injury,1,1,1,6229.90
109,2021-04-15,Elephant,Grassland,5.77,Crop Raiding,0,1,1,5228.09
110,2020-07-06,Wild Boar,Wetland,4.28,Human Death,2,0,1,7384.94
111,2020-09-10,Leopard,Grassland,0.61,Livestock Predation,0,2,1,324.19
112,2020-09-24,Tiger,Wetland,4.41,Human Injury,3,0,2,6218.34
113,2021-10-01,Tiger,Forest,8.11,Property Damage,2,1,2,4176.52
114,2020-02-10,Elephant,Forest,0.82,Human Injury,3,0,0,6953.46
115,2022-04-03,Elephant,Grassland,2.89,Human Death,1,0,1,8282.49
116,2021-10-25,Wild Boar,Forest,2.48,Crop Raiding,0,0,2,1342.19
117,2021-06-20,Wild Boar,Forest,5.05,Human Death,0,0,1,34.72
118,2020-12-13,Wild Boar,Grassland,0.34,Property Damage,1,1,0,3913.73
119,2020-04-16,Wild Boar,Forest,1.10,Property Damage,1,2,1,3338.00
120,2020-11-12,Monkey,Grassland,9.96,Livestock Predation,2,0,1,7738.23
121,2022-11-03,Monkey,Wetland,9.44,Livestock Predation,1,2,1,3219.55
122,2020-06-10,Wild Boar,Grassland,7.08,Human Injury,3,0,0,9208.01
123,2021-09-27,Wild Boar,Grassland,8.94,Human Death,2,1,0,5161.59
124,2021-12-06,Tiger,Grassland,4.98,Property Damage,1,1,2,1778.50
125,2022-06-24,Monkey,Wetland,6.42,Crop Raiding,0,0,2,1710.10
126,2022-03-06,Tiger,Grassland,0.29,Human Death,1,2,0,485.10
127,2021-09-21,Tiger,Wetland,3.53,Human Injury,3,0,2,1522.90
128,2022-11-26,Monkey,Wetland,3.95,Crop Raiding,1,0,0,5455.02
129,2022-10-05,Monkey,Forest,1.32,Livestock Predation,0,1,0,8888.17
130,2022-02-11,Elephant,Grassland,7.94,Livestock Predation,3,1,1,6415.14
131,2020-03-18,Tiger,Grassland,5.39,Crop Raiding,1,1,1,8957.66
132,2021-06-09,Leopard,Wetland,7.82,Livestock Predation,1,2,1,8158.59
133,2021-04-27,Monkey,Wetland,8.26,Crop Raiding,1,2,1,9522.58
134,2020-06-30,Elephant,Grassland,6.75,Livestock Predation,1,0,2,9272.00
135,2022-09-18,Tiger,Grassland,4.39,Human Death,3,0,2,56.35
136,2020-12-02,Wild Boar,Wetland,9.21,Human Death,1,2,1,4777.94
137,2021-06-22,Wild Boar,Wetland,7.89,Crop Raiding,3,0,1,9059.82
138,2022-05-17,Leopard,Forest,0.35,Crop Raiding,2,2,2,896.68
139,2020-07-30,Wild Boar,Forest,9.82,Livestock Predation,3,1,2,4173.79
140,2020-07-19,Leopard,Wetland,1.35,Human Death,2,2,2,552.76
141,2020-03-02,Wild Boar,Forest,1.32,Human Death,1,1,1,4192.13
142,2022-12-22,Wild Boar,Forest,4.92,Human Injury,1,1,0,486.85
143,2021-07-14,Leopard,Wetland,7.50,Human Injury,2,0,2,5589.31
144,2021-07-26,Elephant,Forest,5.59,Human Death,3,1,2,4868.54
145,2021-06-23,Leopard,Grassland,9.55,Crop Raiding,0,0,2,1798.99
146,2020-01-02,Monkey,Forest,2.97,Human Injury,3,2,1,6560.29
147,2021-11-01,Wild Boar,Grassland,1.13,Human Death,0,0,0,5443.92
148,2022-02-09,Monkey,Wetland,8.85,Human Injury,1,2,2,2598.33
149,2022-01-10,Monkey,Wetland,8.68,Human Injury,2,2,0,327.57
150,2020-09-25,Tiger,Grassland,0.21,Human Death,3,2,1,9071.00
151,2022-11-01,Wild Boar,Grassland,0.01,Human Death,0,2,2,2058.04
152,2021-12-05,Monkey,Forest,1.55,Livestock Predation,1,0,1,7145.40
153,2021-10-31,Leopard,Wetland,7.04,Livestock Predation,1,2,1,9635.50
154,2021-03-19,Monkey,Forest,9.46,Human Injury,1,0,0,4066.80
155,2021-11-07,Wild Boar,Forest,6.44,Human Death,1,2,2,4647.85
156,2022-06-30,Wild Boar,Wetland,8.14,Human Injury,2,2,1,7539.70
157,2022-10-30,Wild Boar,Wetland,2.03,Livestock Predation,0,0,2,3876.11
158,2022-08-24,Leopard,Wetland,0.65,Crop Raiding,3,2,0,6743.25
159,2022-04-29,Wild Boar,Grassland,0.79,Livestock Predation,3,1,2,6161.06
160,2020-06-29,Leopard,Grassland,7.95,Human Death,2,0,0,3635.12
161,2022-01-20,Monkey,Forest,9.94,Human Injury,3,0,0,4736.43
162,2021-04-07,Leopard,Grassland,6.43,Crop Raiding,3,0,1,6808.33
163,2021-08-27,Elephant,Forest,5.65,Human Injury,3,1,1,4174.19
164,2020-03-24,Tiger,Grassland,0.92,Crop Raiding,1,2,0,9027.85
165,2022-09-11,Monkey,Grassland,1.99,Crop Raiding,0,2,0,4773.18
166,2021-04-08,Wild Boar,Grassland,6.40,Human Death,0,1,2,7923.31
167,2022-09-10,Elephant,Wetland,9.84,Human Injury,1,1,2,8987.16
168,2020-08-12,Tiger,Grassland,8.14,Crop Raiding,3,2,2,7292.38
169,2020-06-19,Monkey,Grassland,8.64,Property Damage,2,1,1,7889.73
170,2021-05-03,Monkey,Grassland,1.60,Livestock Predation,3,1,2,3061.48
171,2022-07-10,Monkey,Grassland,4.98,Human Injury,1,1,0,4544.41
172,2021-11-24,Elephant,Forest,6.98,Livestock Predation,0,2,1,5677.41
173,2022-10-19,Wild Boar,Forest,7.95,Human Death,0,0,0,8801.79
174,2020-06-01,Leopard,Forest,1.08,Property Damage,3,1,1,1461.73
175,2022-08-18,Tiger,Forest,5.61,Crop Raiding,3,2,2,6208.69
176,2020-08-27,Elephant,Wetland,7.02,Human Injury,0,0,1,6373.97
177,2020-02-18,Wild Boar,Grassland,3.36,Property Damage,3,1,2,4746.24
178,2020-06-04,Tiger,Forest,1.63,Human Injury,3,0,1,3383.34
179,2020-09-30,Wild Boar,Grassland,3.53,Human Death,3,0,0,2569.73
180,2022-01-31,Monkey,Wetland,3.54,Livestock Predation,1,0,1,2033.14
181,2020-06-18,Monkey,Forest,4.38,Human Death,1,1,0,7677.06
182,2020-10-18,Leopard,Wetland,1.49,Crop Raiding,3,2,0,1816.86
183,2020-05-27,Elephant,Grassland,1.72,Livestock Predation,2,0,0,7297.78
184,2021-12-19,Tiger,Forest,7.57,Property Damage,0,1,2,5236.00
185,2020-07-07,Tiger,Wetland,4.89,Human Death,0,2,1,8009.62
186,2022-11-16,Elephant,Grassland,4.43,Property Damage,1,1,0,4103.06
187,2021-08-28,Elephant,Forest,9.91,Human Death,1,1,1,837.14
188,2021-10-06,Tiger,Wetland,6.91,Crop Raiding,3,1,2,1927.85
189,2020-09-06,Monkey,Forest,0.54,Crop Raiding,0,0,2,7044.76
190,2020-06-17,Wild Boar,Wetland,7.31,Property Damage,1,1,2,5294.37
191,2022-06-25,Wild Boar,Grassland,5.61,Property Damage,1,2,1,618.86
192,2022-01-01,Monkey,Forest,4.98,Property Damage,0,1,0,9581.51
193,2021-07-03,Elephant,Forest,8.41,Human Death,0,0,0,1867.70
194,2021-04-01,Leopard,Grassland,4.64,Human Death,0,0,0,9597.01
195,2022-07-07,Leopard,Wetland,1.99,Human Death,3,1,1,5647.81
196,2020-04-24,Tiger,Forest,6.55,Livestock Predation,3,1,0,2309.98
197,2022-01-01,Elephant,Wetland,9.87,Property Damage,3,1,2,3212.80
198,2022-09-11,Elephant,Wetland,7.22,Crop Raiding,2,0,0,2537.17
199,2021-03-13,Tiger,Forest,0.25,Human Injury,2,1,0,5912.56
200,2021-09-16,Wild Boar,Grassland,4.93,Crop Raiding,3,2,0,5262.92
201,2021-06-25,Tiger,Forest,1.52,Livestock Predation,0,0,1,2139.81
202,2021-11-29,Leopard,Forest,6.62,Crop Raiding,2,0,1,3674.70
203,2022-07-05,Tiger,Forest,0.27,Property Damage,1,1,1,22.33
204,2022-08-23,Monkey,Wetland,7.88,Crop Raiding,3,1,0,9632.05
205,2020-03-28,Monkey,Grassland,0.24,Human Death,2,0,2,6987.26
206,2021-01-25,Wild Boar,Wetland,7.52,Crop Raiding,0,2,2,6895.78
207,2021-02-01,Leopard,Wetland,2.20,Livestock Predation,1,0,0,8521.94
208,2020-09-24,Leopard,Wetland,9.05,Human Injury,1,2,0,7151.66
209,2022-03-29,Leopard,Forest,0.60,Crop Raiding,0,0,2,9757.83
210,2020-02-06,Wild Boar,Wetland,0.29,Crop Raiding,0,2,0,7157.72
211,2021-12-06,Elephant,Grassland,1.60,Crop Raiding,2,1,1,9868.61
212,2020-06-11,Tiger,Grassland,6.35,Property Damage,3,1,2,3851.61
213,2020-02-15,Leopard,Grassland,9.89,Human Injury,1,0,0,5523.67
214,2022-05-08,Elephant,Grassland,5.61,Property Damage,3,0,1,7976.68
215,2022-05-17,Elephant,Grassland,4.02,Crop Raiding,3,1,0,1023.69
216,2021-01-10,Tiger,Forest,2.22,Property Damage,2,2,1,852.78
217,2022-03-31,Wild Boar,Forest,9.19,Human Injury,1,1,2,4937.76
218,2020-10-06,Elephant,Forest,2.26,Livestock Predation,0,2,1,4979.37
219,2022-07-22,Elephant,Wetland,0.37,Property Damage,3,2,2,7417.87
220,2022-01-25,Wild Boar,Forest,7.00,Property Damage,2,2,0,9080.15
221,2022-09-07,Leopard,Forest,3.51,Livestock Predation,2,0,0,2283.94
222,2021-12-15,Leopard,Forest,3.61,Crop Raiding,0,1,1,360.95
223,2020-07-24,Leopard,Wetland,2.76,Livestock Predation,0,2,0,7551.92
224,2021-08-27,Leopard,Forest,3.97,Human Death,3,2,1,1496.41
225,2022-07-06,Wild Boar,Grassland,9.90,Human Death,2,2,1,1583.14
226,2021-11-14,Wild Boar,Wetland,6.94,Crop Raiding,2,0,2,1318.73
227,2022-02-03,Monkey,Wetland,3.26,Property Damage,0,0,1,2572.24
228,2021-10-08,Wild Boar,Forest,8.74,Human Injury,3,0,2,7678.25
229,2020-06-07,Leopard,Grassland,7.21,Crop Raiding,3,1,0,9006.46
230,2022-07-16,Wild Boar,Forest,9.81,Human Death,2,1,2,4912.06
231,2022-09-04,Wild Boar,Wetland,7.81,Human Death,0,0,2,9383.10
232,2022-07-23,Tiger,Grassland,7.79,Livestock Predation,1,0,0,3995.58
233,2021-10-14,Wild Boar,Grassland,5.94,Human Injury,3,2,0,8618.20
234,2022-12-13,Wild Boar,Forest,9.77,Property Damage,2,1,1,7687.78
235,2021-05-28,Wild Boar,Grassland,2.82,Property Damage,1,1,1,849.58
236,2021-06-23,Tiger,Forest,8.98,Human Injury,3,1,1,347.07
237,2021-01-21,Wild Boar,Wetland,7.64,Human Injury,3,2,0,8348.45
238,2022-07-17,Monkey,Wetland,6.31,Crop Raiding,1,2,1,8229.38
239,2022-09-15,Elephant,Wetland,8.00,Property Damage,2,1,0,1854.38
240,2022-01-16,Leopard,Forest,6.00,Property Damage,3,2,2,3128.90
241,2021-09-18,Monkey,Grassland,2.11,Crop Raiding,2,1,0,7482.88
242,2021-09-11,Elephant,Grassland,9.73,Crop Raiding,1,1,0,6463.98
243,2020-07-20,Leopard,Wetland,5.88,Crop Raiding,2,2,2,2003.06
244,2020-03-13,Wild Boar,Wetland,1.56,Crop Raiding,3,0,1,8425.43
245,2020-11-30,Elephant,Grassland,1.87,Human Injury,3,0,2,3046.75
246,2022-12-05,Tiger,Grassland,5.26,Crop Raiding,1,2,1,2569.66
247,2020-05-10,Leopard,Forest,7.00,Human Injury,2,1,1,5745.17
248,2022-12-20,Elephant,Forest,5.76,Livestock Predation,0,2,0,9567.51
249,2022-11-09,Tiger,Forest,3.53,Crop Raiding,2,2,0,4588.05
250,2021-11-12,Monkey,Grassland,0.10,Human Death,0,2,1,4335.34
251,2022-09-09,Monkey,Forest,1.16,Human Death,3,0,1,1772.66
252,2021-06-12,Tiger,Grassland,3.63,Human Death,3,1,2,7914.39
253,2020-03-22,Monkey,Forest,7.29,Human Death,1,2,1,4538.55
254,2020-09-29,Tiger,Grassland,6.36,Human Death,1,0,2,521.98
255,2020-04-03,Elephant,Wetland,3.37,Crop Raiding,3,1,1,6920.61
256,2020-11-25,Monkey,Wetland,0.02,Livestock Predation,3,1,0,1916.30
257,2022-07-21,Elephant,Forest,8.25,Crop Raiding,1,1,2,7958.21
258,2020-06-27,Tiger,Forest,6.44,Crop Raiding,3,2,2,4643.67
259,2020-10-30,Leopard,Wetland,0.79,Property Damage,3,2,2,9730.64
260,2022-07-18,Leopard,Grassland,3.88,Property Damage,3,0,0,8280.82
261,2022-08-11,Tiger,Grassland,1.31,Human Death,0,1,2,8495.65
262,2021-04-17,Elephant,Forest,6.71,Crop Raiding,2,1,1,5428.42
263,2022-04-08,Wild Boar,Forest,3.07,Property Damage,1,1,1,1306.29
264,2021-12-26,Leopard,Wetland,7.64,Crop Raiding,0,0,2,790.09
265,2022-10-07,Elephant,Wetland,7.64,Human Death,2,2,1,6819.96
266,2020-04-17,Leopard,Grassland,9.23,Crop Raiding,1,1,0,7141.53
267,2021-10-20,Elephant,Grassland,4.56,Property Damage,1,0,2,6211.10
268,2021-08-23,Leopard,Wetland,0.46,Livestock Predation,0,2,0,5942.00
269,2021-09-09,Wild Boar,Wetland,6.61,Property Damage,0,2,2,6586.13
270,2020-04-12,Leopard,Wetland,5.17,Human Death,3,2,1,8490.77
271,2022-01-24,Monkey,Forest,2.11,Property Damage,1,1,2,7788.79
272,2022-04-22,Elephant,Grassland,2.63,Human Death,0,1,2,4523.73
273,2020-07-15,Leopard,Forest,0.31,Crop Raiding,0,0,0,8359.05
274,2022-01-15,Monkey,Grassland,5.12,Property Damage,1,0,0,9860.74
275,2022-12-08,Elephant,Forest,6.38,Human Death,1,1,0,7515.25
276,2021-04-04,Leopard,Grassland,4.49,Livestock Predation,1,0,1,1334.20
277,2022-11-11,Wild Boar,Wetland,3.88,Human Injury,2,2,1,7490.14
278,2020-05-11,Monkey,Wetland,1.20,Crop Raiding,3,0,2,7289.35
279,2020-07-05,Monkey,Wetland,9.69,Human Injury,0,1,0,1522.04
280,2020-02-22,Elephant,Grassland,0.35,Crop Raiding,0,1,1,9468.42
281,2022-07-22,Wild Boar,Wetland,4.09,Crop Raiding,0,2,1,93.96
282,2021-09-28,Tiger,Wetland,9.83,Livestock Predation,2,0,0,3233.92
283,2022-12-18,Wild Boar,Forest,8.45,Human Death,3,1,2,7885.84
284,2022-04-16,Monkey,Forest,0.93,Human Death,2,0,2,7405.81
285,2021-11-12,Wild Boar,Forest,2.62,Property Damage,3,0,2,7733.71
286,2021-12-02,Wild Boar,Grassland,6.08,Livestock Predation,1,1,0,6385.83
287,2020-03-27,Tiger,Forest,4.02,Human Injury,3,0,1,3448.11
288,2020-08-15,Tiger,Forest,1.34,Property Damage,1,0,0,3479.61
289,2020-01-03,Wild Boar,Grassland,9.13,Livestock Predation,0,1,1,4656.31
290,2021-08-29,Leopard,Wetland,9.34,Human Death,2,0,2,9518.40
291,2021-12-03,Wild Boar,Wetland,2.69,Human Death,3,2,0,2456.28
292,2021-02-05,Leopard,Wetland,0.39,Livestock Predation,2,1,2,3918.68
293,2020-05-17,Leopard,Forest,6.04,Human Injury,1,0,0,6857.60
294,2021-04-25,Leopard,Grassland,1.87,Livestock Predation,0,1,2,2106.91
295,2022-02-05,Monkey,Wetland,7.36,Property Damage,3,2,1,1311.25
296,2022-03-31,Elephant,Wetland,1.11,Human Death,0,0,0,280.89
297,2022-05-18,Elephant,Grassland,7.74,Livestock Predation,3,1,2,3356.53
298,2021-10-30,Wild Boar,Grassland,5.20,Human Death,1,2,2,8199.12
299,2021-12-08,Wild Boar,Wetland,0.85,Human Death,0,2,0,5083.64
300,2022-06-23,Elephant,Wetland,3.12,Human Death,2,1,0,1071.46
301,2021-05-10,Elephant,Grassland,2.72,Livestock Predation,3,0,1,7369.59
302,2020-08-05,Leopard,Grassland,9.91,Livestock Predation,3,2,0,7184.03
303,2020-11-27,Monkey,Wetland,3.59,Human Death,1,0,2,6278.55
304,2020-04-19,Leopard,Grassland,4.98,Human Death,0,2,0,6659.40
305,2021-09-10,Monkey,Grassland,9.40,Property Damage,1,1,1,7797.89
306,2021-12-27,Leopard,Wetland,9.09,Human Death,1,2,1,72.51
307,2022-12-13,Wild Boar,Grassland,7.23,Human Death,0,0,0,9711.91
308,2020-01-27,Leopard,Grassland,7.94,Human Injury,3,1,2,5511.66
309,2021-08-14,Elephant,Forest,2.67,Livestock Predation,1,0,2,2746.75
310,2022-07-12,Leopard,Grassland,7.54,Livestock Predation,3,1,1,5329.13
311,2021-06-10,Tiger,Wetland,5.42,Property Damage,2,0,0,3870.98
312,2022-05-19,Monkey,Wetland,6.97,Human Injury,1,0,2,7813.95
313,2022-11-12,Tiger,Grassland,5.98,Crop Raiding,3,1,0,2159.39
314,2022-02-16,Leopard,Grassland,6.08,Crop Raiding,2,0,2,1818.98
315,2022-05-19,Tiger,Wetland,2.66,Human Injury,2,0,2,1965.91
316,2020-09-23,Wild Boar,Forest,2.38,Property Damage,2,1,1,8967.74
317,2021-05-07,Tiger,Grassland,6.18,Human Injury,0,2,0,9995.87
318,2020-04-09,Wild Boar,Wetland,3.66,Crop Raiding,0,0,0,8515.33
319,2022-10-16,Wild Boar,Grassland,8.64,Crop Raiding,0,2,2,4568.59
320,2021-08-25,Leopard,Forest,6.80,Livestock Predation,0,0,0,9906.79
321,2021-05-18,Wild Boar,Grassland,9.14,Human Death,3,0,2,432.66
322,2020-10-07,Tiger,Grassland,0.07,Livestock Predation,1,1,2,9283.66
323,2021-06-19,Monkey,Wetland,7.36,Property Damage,3,1,1,3493.62
324,2021-06-11,Elephant,Forest,0.32,Crop Raiding,2,0,1,2006.77
325,2022-10-23,Monkey,Grassland,2.92,Human Injury,0,2,2,7078.66
326,2022-04-03,Tiger,Forest,3.37,Livestock Predation,3,0,0,5291.44
327,2022-01-12,Leopard,Forest,7.03,Livestock Predation,2,0,2,4603.19
328,2020-07-13,Monkey,Wetland,0.31,Property Damage,1,1,2,2924.59
329,2020-12-06,Wild Boar,Grassland,8.50,Human Injury,2,2,1,9519.14
330,2022-09-28,Monkey,Forest,5.45,Livestock Predation,3,0,1,714.53
331,2021-10-20,Elephant,Forest,7.46,Property Damage,3,0,1,4395.81
332,2022-07-13,Wild Boar,Wetland,6.81,Human Injury,2,1,1,317.42
333,2020-06-18,Elephant,Forest,4.31,Human Injury,2,1,2,9621.67
334,2021-01-09,Monkey,Grassland,8.12,Property Damage,2,1,2,4939.14
335,2020-06-06,Leopard,Wetland,8.99,Livestock Predation,0,0,2,8598.43
336,2022-07-29,Wild Boar,Wetland,8.67,Livestock Predation,1,0,2,1188.08
337,2021-07-07,Elephant,Grassland,4.13,Crop Raiding,0,1,1,6969.85
338,2020-04-07,Elephant,Wetland,7.15,Livestock Predation,3,1,2,6302.49
339,2022-03-30,Wild Boar,Grassland,7.60,Crop Raiding,0,0,2,5755.12
340,2021-03-02,Tiger,Wetland,7.07,Human Injury,3,2,2,7906.44
341,2021-11-13,Wild Boar,Forest,3.15,Human Injury,1,1,0,6726.69
342,2022-11-15,Elephant,Wetland,5.95,Livestock Predation,0,1,0,8918.90
343,2021-10-07,Elephant,Wetland,3.93,Property Damage,3,0,0,8854.31
344,2022-04-05,Leopard,Forest,5.14,Livestock Predation,2,1,2,3991.62
345,2022-03-01,Leopard,Grassland,4.03,Property Damage,3,0,0,6979.06
346,2022-07-26,Elephant,Forest,2.10,Crop Raiding,2,0,2,8658.75
347,2021-02-28,Monkey,Grassland,9.85,Human Injury,2,2,2,1660.78
348,2020-09-08,Wild Boar,Wetland,9.87,Human Injury,2,1,2,8716.42
349,2022-01-20,Elephant,Grassland,9.67,Human Injury,0,0,0,2731.34
350,2020-03-25,Wild Boar,Wetland,2.14,Human Death,1,0,0,6464.78
351,2022-11-22,Monkey,Forest,3.96,Livestock Predation,3,2,0,4268.79
352,2021-02-01,Monkey,Forest,9.55,Livestock Predation,2,2,2,2934.53
353,2020-05-09,Wild Boar,Forest,4.25,Property Damage,0,2,2,7306.96
354,2020-05-05,Tiger,Grassland,8.26,Property Damage,3,0,2,8296.67
355,2021-06-30,Wild Boar,Grassland,8.87,Property Damage,1,1,0,4215.66
356,2020-06-04,Leopard,Grassland,9.79,Human Death,2,2,0,311.28
357,2020-08-24,Leopard,Grassland,5.64,Crop Raiding,0,2,2,4105.07
358,2022-02-03,Elephant,Forest,7.68,Human Death,2,2,2,9096.80
359,2021-05-17,Wild Boar,Wetland,1.55,Crop Raiding,0,2,0,2098.53
360,2021-09-05,Leopard,Grassland,3.37,Human Death,1,1,0,8935.69
361,2022-08-25,Monkey,Wetland,9.07,Human Injury,0,1,1,4414.41
362,2020-04-04,Elephant,Forest,3.78,Livestock Predation,0,1,1,4543.49
363,2022-09-09,Wild Boar,Forest,4.93,Human Injury,0,1,2,152.42
364,2020-08-20,Tiger,Grassland,0.87,Property Damage,3,0,2,6000.84
365,2021-06-05,Tiger,Forest,3.31,Human Death,2,2,2,6336.97
366,2021-01-13,Leopard,Forest,8.50,Livestock Predation,2,0,2,402.46
367,2022-10-14,Monkey,Forest,3.83,Livestock Predation,2,2,0,6335.15
368,2020-11-26,Leopard,Forest,5.18,Human Death,2,0,1,2471.14
369,2022-09-13,Tiger,Wetland,6.46,Livestock Predation,1,2,1,9263.34
370,2020-09-27,Leopard,Forest,4.77,Human Injury,2,2,0,3240.36
371,2022-12-27,Wild Boar,Grassland,4.07,Property Damage,3,2,0,7396.27
372,2022-04-07,Elephant,Grassland,5.31,Livestock Predation,3,0,0,9689.98
373,2021-09-06,Monkey,Wetland,8.98,Human Death,2,1,0,9057.11
374,2021-05-05,Tiger,Forest,2.63,Crop Raiding,2,0,2,668.56
375,2020-05-17,Leopard,Wetland,7.76,Livestock Predation,2,1,0,1516.95
376,2021-12-12,Tiger,Grassland,3.36,Livestock Predation,3,1,1,1652.29
377,2022-09-14,Monkey,Grassland,7.60,Human Injury,2,0,1,4254.60
378,2020-12-20,Elephant,Forest,7.81,Human Death,0,1,1,6042.87
379,2021-11-15,Elephant,Grassland,0.12,Human Injury,2,2,2,5340.59
380,2021-11-18,Monkey,Forest,9.05,Crop Raiding,3,2,1,5990.03
381,2020-01-08,Monkey,Wetland,8.29,Property Damage,2,1,1,1798.17
382,2022-05-13,Tiger,Wetland,5.23,Human Injury,2,2,1,4142.96
383,2020-04-14,Tiger,Forest,2.25,Crop Raiding,0,2,1,1038.46
384,2020-06-24,Wild Boar,Wetland,5.97,Human Injury,3,0,1,5182.74
385,2020-05-20,Monkey,Grassland,4.47,Human Death,1,0,1,3961.61
386,2020-04-12,Elephant,Forest,5.92,Property Damage,3,2,0,7814.63
387,2021-06-13,Wild Boar,Grassland,2.49,Crop Raiding,3,1,2,5274.41
388,2020-05-12,Tiger,Wetland,5.75,Property Damage,0,2,1,3757.47
389,2021-06-26,Elephant,Forest,4.58,Human Death,2,0,2,9961.77
390,2021-06-15,Elephant,Forest,4.04,Crop Raiding,3,0,2,8602.54
391,2022-01-22,Leopard,Forest,0.09,Property Damage,0,0,1,1934.16
392,2022-10-14,Elephant,Wetland,7.16,Human Injury,2,1,0,7822.11
393,2021-12-07,Tiger,Forest,1.13,Human Death,1,2,1,8933.94
394,2022-01-21,Monkey,Grassland,7.60,Human Death,1,0,0,9594.23
395,2020-09-20,Elephant,Forest,9.17,Property Damage,0,2,0,6360.85
396,2020-10-01,Tiger,Wetland,5.81,Human Death,3,0,2,3954.29
397,2020-09-22,Elephant,Wetland,1.79,Property Damage,0,1,1,9002.92
398,2020-06-11,Monkey,Forest,7.10,Human Injury,3,2,2,1484.26
399,2022-11-21,Monkey,Grassland,0.91,Property Damage,0,1,0,4640.37
400,2021-07-19,Elephant,Forest,2.85,Livestock Predation,3,0,1,5908.03
401,2021-05-04,Wild Boar,Forest,8.16,Livestock Predation,3,0,0,1446.08
402,2021-04-05,Tiger,Forest,5.76,Property Damage,3,0,1,8216.17
403,2022-10-31,Tiger,Forest,4.45,Human Injury,3,2,1,9819.10
404,2021-08-11,Monkey,Forest,7.33,Human Injury,0,0,1,9172.03
405,2022-01-07,Elephant,Wetland,4.82,Human Death,3,1,1,7972.28
406,2020-05-22,Tiger,Wetland,4.57,Human Death,2,1,0,9744.02
407,2022-11-26,Elephant,Grassland,3.12,Human Death,1,2,0,2368.85
408,2021-02-01,Leopard,Forest,4.51,Human Death,3,0,0,255.18
409,2021-04-29,Monkey,Forest,2.45,Human Death,3,0,2,4910.17
410,2020-09-12,Wild Boar,Forest,3.21,Property Damage,0,0,2,3473.46
411,2020-12-11,Monkey,Grassland,9.03,Livestock Predation,0,0,2,6411.07
412,2021-11-19,Tiger,Grassland,7.17,Human Injury,3,0,0,9057.12
413,2021-02-15,Leopard,Forest,2.56,Human Injury,0,1,2,6065.29
414,2021-12-22,Elephant,Grassland,6.01,Livestock Predation,3,1,2,1644.98
415,2022-04-06,Tiger,Forest,1.06,Livestock Predation,2,1,0,4767.44
416,2020-09-29,Leopard,Grassland,9.96,Livestock Predation,2,0,1,3596.92
417,2022-08-03,Elephant,Wetland,2.16,Crop Raiding,1,2,2,1639.50
418,2020-02-08,Wild Boar,Forest,4.47,Property Damage,2,1,1,1109.84
419,2021-02-21,Elephant,Grassland,8.58,Human Death,3,1,0,9845.60
420,2020-07-22,Leopard,Forest,5.44,Human Injury,3,0,0,2072.81
421,2020-08-09,Elephant,Grassland,0.24,Property Damage,0,2,0,5781.89
422,2020-06-11,Elephant,Forest,1.56,Human Death,0,0,1,2359.67
423,2021-10-21,Elephant,Forest,5.19,Human Death,2,1,0,7125.99
424,2021-04-18,Wild Boar,Wetland,8.13,Property Damage,0,2,1,2023.97
425,2022-09-11,Elephant,Wetland,4.28,Crop Raiding,2,1,1,8583.48
426,2021-06-03,Tiger,Wetland,3.79,Crop Raiding,3,2,0,7118.75
427,2021-10-29,Tiger,Grassland,0.33,Crop Raiding,2,0,1,1575.38
428,2022-08-08,Wild Boar,Forest,5.53,Human Death,3,2,1,171.01
429,2020-04-06,Leopard,Wetland,7.01,Human Death,3,2,2,2251.47
430,2022-01-29,Leopard,Forest,8.28,Livestock Predation,2,0,0,4963.46
431,2022-10-06,Tiger,Forest,4.41,Human Injury,2,2,2,3201.06
432,2020-07-02,Elephant,Forest,9.36,Property Damage,3,0,1,9269.50
433,2020-11-13,Monkey,Forest,3.42,Property Damage,1,2,1,42.55
434,2020-03-09,Elephant,Grassland,4.02,Human Injury,2,0,1,868.60
435,2020-09-24,Tiger,Forest,9.46,Livestock Predation,1,0,2,6502.19
436,2021-01-12,Wild Boar,Grassland,3.61,Property Damage,2,0,1,6800.35
437,2020-01-18,Tiger,Wetland,1.63,Human Injury,1,2,1,6375.13
438,2020-08-29,Elephant,Grassland,5.82,Livestock Predation,2,1,1,1219.26
439,2020-06-26,Monkey,Forest,3.95,Human Death,0,0,0,9848.59
440,2022-07-31,Elephant,Forest,8.87,Livestock Predation,1,1,2,3852.84
441,2021-11-04,Monkey,Forest,7.90,Property Damage,1,0,0,3945.50
442,2020-06-28,Tiger,Wetland,5.46,Property Damage,3,0,1,5645.84
443,2022-10-19,Tiger,Forest,0.63,Property Damage,0,2,1,7683.86
444,2021-05-20,Elephant,Grassland,5.76,Property Damage,0,0,2,8349.55
445,2022-01-16,Leopard,Grassland,2.12,Crop Raiding,1,0,2,4145.20
446,2022-11-29,Wild Boar,Grassland,7.84,Human Death,0,0,1,5932.69
447,2022-07-26,Wild Boar,Wetland,5.19,Livestock Predation,3,0,2,3684.42
448,2022-02-28,Elephant,Grassland,7.70,Livestock Predation,2,1,1,2385.44
449,2022-06-18,Tiger,Grassland,6.13,Crop Raiding,2,2,1,7846.15
450,2020-08-23,Elephant,Wetland,8.61,Human Injury,1,1,0,7744.25
451,2021-01-09,Tiger,Forest,0.79,Crop Raiding,2,1,0,3860.35
452,2021-11-21,Elephant,Grassland,0.25,Human Injury,1,0,2,543.73
453,2020-10-21,Elephant,Wetland,9.39,Property Damage,1,2,1,6183.25
454,2021-06-04,Monkey,Wetland,1.19,Property Damage,2,0,0,7693.64
455,2022-04-10,Wild Boar,Wetland,4.55,Property Damage,2,2,2,1371.66
456,2021-06-14,Monkey,Wetland,1.19,Human Death,0,1,1,1637.18
457,2020-01-21,Tiger,Grassland,0.79,Livestock Predation,0,1,1,2683.17
458,2022-09-29,Elephant,Wetland,6.47,Crop Raiding,3,0,1,1236.92
459,2022-08-16,Elephant,Forest,0.96,Crop Raiding,2,0,1,5106.96
460,2021-05-06,Monkey,Forest,0.87,Livestock Predation,1,1,2,5429.82
461,2022-05-15,Leopard,Forest,8.20,Livestock Predation,3,2,1,6057.05
462,2021-01-06,Tiger,Forest,4.10,Crop Raiding,2,0,2,206.37
463,2021-09-18,Monkey,Grassland,9.54,Property Damage,3,0,1,3102.87
464,2021-02-23,Elephant,Wetland,6.64,Human Death,0,0,2,2428.78
465,2021-11-27,Leopard,Grassland,2.05,Livestock Predation,3,0,1,2205.97
466,2022-09-15,Wild Boar,Grassland,9.74,Property Damage,3,1,0,2057.66
467,2020-02-26,Wild Boar,Wetland,5.43,Human Injury,3,2,1,5222.39
468,2022-03-13,Leopard,Wetland,4.05,Human Death,0,0,1,1304.73
469,2022-11-02,Wild Boar,Grassland,8.76,Human Death,2,2,2,9994.35
470,2021-05-17,Leopard,Forest,4.92,Human Death,0,2,0,5743.56
471,2022-03-19,Elephant,Forest,3.68,Crop Raiding,2,0,1,3472.57
472,2021-03-02,Wild Boar,Forest,5.93,Livestock Predation,3,0,1,5428.43
473,2020-12-13,Monkey,Forest,4.06,Livestock Predation,0,1,2,2701.96
474,2021-01-28,Leopard,Grassland,2.76,Livestock Predation,0,1,0,7032.65
475,2022-05-13,Wild Boar,Grassland,1.32,Human Death,0,2,1,2215.92
476,2021-06-22,Monkey,Wetland,0.01,Human Death,3,1,2,9575.02
477,2020-12-18,Leopard,Grassland,4.88,Property Damage,0,2,2,6920.96
478,2020-09-12,Monkey,Forest,9.35,Livestock Predation,0,0,2,4371.92
479,2022-12-24,Leopard,Grassland,9.57,Human Injury,3,0,1,8074.23
480,2022-01-25,Wild Boar,Forest,3.66,Human Death,1,2,2,9766.17
481,2020-02-27,Monkey,Grassland,9.67,Livestock Predation,0,2,0,200.77
482,2021-04-24,Monkey,Forest,2.37,Human Injury,1,2,1,342.47
483,2021-06-23,Tiger,Wetland,1.60,Human Death,0,0,2,2189.11
484,2022-09-29,Wild Boar,Grassland,6.13,Crop Raiding,2,0,2,435.97
485,2021-05-25,Leopard,Wetland,7.33,Human Injury,1,0,0,5043.78
486,2020-12-26,Monkey,Wetland,2.68,Crop Raiding,2,0,2,1589.35
487,2020-06-06,Tiger,Grassland,9.35,Human Injury,0,2,2,5559.47
488,2021-01-05,Leopard,Grassland,8.21,Human Injury,1,1,0,3950.77
489,2022-01-26,Elephant,Grassland,7.14,Property Damage,1,1,2,5572.90
490,2020-12-19,Leopard,Forest,3.25,Crop Raiding,1,1,0,4641.61
491,2021-05-03,Monkey,Forest,1.70,Human Death,1,0,2,640.02
492,2021-11-14,Leopard,Wetland,8.04,Human Death,1,1,2,9494.65
493,2022-09-10,Tiger,Forest,7.84,Crop Raiding,1,2,2,4354.84
494,2021-09-28,Wild Boar,Forest,4.08,Human Death,0,0,0,3247.43
495,2020-10-10,Elephant,Grassland,0.97,Human Death,0,0,1,72.69
496,2022-03-26,Monkey,Forest,1.64,Human Injury,1,1,1,8509.19
497,2021-06-13,Monkey,Wetland,6.31,Livestock Predation,2,2,1,7705.99
498,2021-07-14,Leopard,Forest,7.70,Livestock Predation,2,0,2,5675.79
499,2021-12-24,Wild Boar,Forest,8.55,Human Injury,2,0,2,7024.78
500,2022-05-12,Wild Boar,Wetland,9.93,Livestock Predation,1,0,2,8083.22
501,2022-05-21,Wild Boar,Wetland,3.58,Livestock Predation,1,0,0,6904.22
502,2020-01-30,Leopard,Forest,1.60,Crop Raiding,2,2,2,8709.53
503,2022-08-04,Wild Boar,Grassland,2.71,Property Damage,2,0,1,7696.03
504,2022-07-31,Elephant,Grassland,3.30,Crop Raiding,3,1,0,333.52
505,2020-02-27,Elephant,Grassland,1.35,Property Damage,1,0,2,4676.09
506,2021-11-08,Elephant,Grassland,1.21,Property Damage,3,0,2,7365.25
507,2022-04-12,Monkey,Forest,5.95,Crop Raiding,1,1,0,4618.58
508,2020-06-23,Tiger,Grassland,9.44,Property Damage,3,0,2,3245.79
509,2022-11-30,Leopard,Forest,9.04,Livestock Predation,1,2,1,9040.04
510,2021-12-10,Elephant,Forest,5.51,Livestock Predation,2,1,0,3211.01
511,2022-06-28,Elephant,Forest,3.87,Crop Raiding,3,2,0,578.76
512,2021-10-10,Elephant,Forest,0.10,Livestock Predation,3,0,2,1417.57
513,2020-04-01,Tiger,Forest,9.36,Property Damage,1,2,2,6763.82
514,2021-02-18,Wild Boar,Wetland,0.14,Human Death,0,1,1,3610.68
515,2021-10-25,Leopard,Forest,3.63,Property Damage,0,0,0,143.00
516,2021-03-29,Elephant,Wetland,8.26,Livestock Predation,3,0,1,903.50
517,2021-05-11,Leopard,Grassland,5.71,Human Injury,3,1,1,8666.83
518,2020-09-23,Monkey,Wetland,6.18,Human Injury,0,2,2,2045.88
519,2021-03-18,Leopard,Forest,3.82,Human Death,2,2,0,648.74
520,2022-05-24,Tiger,Grassland,0.23,Human Death,0,0,1,5027.16
521,2020-10-22,Elephant,Grassland,7.17,Human Injury,3,1,2,5013.51
522,2021-04-03,Elephant,Grassland,1.14,Human Injury,1,2,2,4004.07
523,2020-08-12,Wild Boar,Forest,7.42,Human Injury,1,0,1,6916.03
524,2022-04-02,Wild Boar,Forest,6.55,Property Damage,1,2,1,7721.17
525,2021-06-29,Monkey,Wetland,5.26,Crop Raiding,3,2,2,5935.24
526,2020-08-25,Monkey,Wetland,5.18,Human Death,3,2,2,120.55
527,2022-10-21,Monkey,Forest,2.08,Property Damage,0,0,2,649.82
528,2021-07-22,Wild Boar,Forest,0.31,Human Death,3,0,1,7972.79
529,2022-04-02,Leopard,Forest,8.99,Property Damage,3,2,0,8375.51
530,2022-07-02,Wild Boar,Forest,7.74,Livestock Predation,0,2,1,6772.64
531,2022-09-01,Tiger,Forest,1.66,Crop Raiding,2,1,2,3375.76
532,2020-03-11,Monkey,Grassland,3.35,Livestock Predation,0,0,2,962.15
533,2020-01-10,Elephant,Forest,5.70,Human Death,2,0,2,5131.10
534,2022-12-28,Elephant,Grassland,8.93,Crop Raiding,1,0,2,3118.94
535,2022-05-05,Tiger,Grassland,0.40,Livestock Predation,1,1,1,5875.38
536,2020-06-14,Monkey,Wetland,6.74,Property Damage,1,2,0,3693.28
537,2022-02-27,Monkey,Forest,7.97,Human Death,0,0,2,9604.28
538,2020-03-03,Elephant,Wetland,8.82,Property Damage,3,0,1,4835.36
539,2021-05-03,Tiger,Forest,2.57,Property Damage,0,0,0,141.46
540,2020-02-04,Elephant,Grassland,0.25,Livestock Predation,1,0,2,1382.02
541,2020-09-15,Monkey,Wetland,5.56,Crop Raiding,3,2,2,5794.61
542,2020-07-19,Elephant,Forest,7.72,Property Damage,1,2,2,1131.89
543,2022-08-17,Wild Boar,Wetland,8.76,Human Injury,2,2,1,6593.80
544,2022-03-23,Wild Boar,Forest,8.53,Human Death,2,2,1,9628.42
545,2021-05-01,Wild Boar,Grassland,9.69,Property Damage,1,0,2,9967.78
546,2020-10-24,Leopard,Forest,7.00,Human Injury,1,1,2,1742.53
547,2020-01-17,Wild Boar,Forest,3.68,Livestock Predation,1,2,1,4821.54
548,2021-04-26,Tiger,Wetland,1.32,Property Damage,3,1,2,1987.46
549,2021-06-15,Leopard,Grassland,7.51,Human Death,0,1,0,1264.52
550,2020-03-16,Leopard,Forest,4.81,Crop Raiding,2,2,1,5160.39
551,2022-09-24,Elephant,Wetland,8.81,Crop Raiding,3,0,0,9114.88
552,2020-06-06,Monkey,Wetland,0.28,Human Death,0,0,0,8437.49
553,2021-04-22,Elephant,Grassland,0.99,Human Death,2,1,2,770.84
554,2021-11-21,Tiger,Grassland,2.84,Crop Raiding,2,0,2,1676.11
555,2021-06-19,Leopard,Grassland,8.01,Crop Raiding,0,1,2,9015.47
556,2020-10-18,Monkey,Forest,2.27,Property Damage,3,2,0,6086.84
557,2022-10-03,Wild Boar,Grassland,0.42,Livestock Predation,0,2,0,186.05
558,2020-05-24,Tiger,Grassland,6.35,Crop Raiding,1,0,2,8825.42
559,2021-11-28,Wild Boar,Forest,5.06,Crop Raiding,2,2,1,689.95
560,2022-07-21,Monkey,Wetland,9.85,Livestock Predation,3,0,1,5608.91
561,2022-01-22,Leopard,Grassland,2.73,Livestock Predation,1,0,2,6350.57
562,2022-05-13,Wild Boar,Forest,6.32,Human Death,1,0,1,4187.47
563,2021-11-22,Monkey,Grassland,6.93,Human Death,2,0,2,673.43
564,2022-11-14,Wild Boar,Wetland,3.38,Human Death,3,1,1,6331.75
565,2021-04-30,Elephant,Wetland,1.11,Crop Raiding,0,0,1,9386.69
566,2020-07-13,Tiger,Wetland,8.22,Property Damage,1,0,1,5431.34
567,2021-07-21,Elephant,Grassland,8.53,Property Damage,2,0,1,1182.99
568,2021-11-14,Elephant,Grassland,7.78,Livestock Predation,0,0,2,1552.80
569,2022-01-19,Monkey,Wetland,9.97,Human Injury,2,0,1,8468.59
570,2021-08-01,Tiger,Grassland,5.98,Human Injury,0,2,0,6217.00
571,2020-02-08,Monkey,Forest,3.57,Livestock Predation,2,0,0,4639.19
572,2021-11-30,Tiger,Forest,2.56,Property Damage,3,2,0,1908.15
573,2021-01-22,Monkey,Grassland,9.00,Human Death,0,2,2,5921.20
574,2020-10-11,Tiger,Forest,7.20,Property Damage,0,0,0,9732.83
575,2021-01-26,Elephant,Forest,0.03,Human Death,1,1,1,8463.13
576,2021-06-07,Tiger,Wetland,7.55,Human Death,3,1,0,1863.51
577,2020-05-10,Tiger,Forest,7.45,Crop Raiding,0,2,0,821.73
578,2021-10-27,Wild Boar,Wetland,6.15,Property Damage,2,0,2,9464.66
579,2020-12-26,Monkey,Wetland,2.55,Human Death,0,1,0,7579.02
580,2022-02-06,Monkey,Grassland,9.73,Human Death,3,2,1,6674.13
581,2021-04-15,Wild Boar,Grassland,7.83,Human Death,0,2,1,1577.71
582,2022-07-28,Monkey,Wetland,9.89,Property Damage,0,2,2,7227.53
583,2022-01-18,Wild Boar,Grassland,9.06,Human Injury,0,2,0,1708.41
584,2021-03-08,Wild Boar,Forest,1.61,Human Injury,2,0,0,5049.90
585,2020-08-11,Wild Boar,Forest,0.89,Livestock Predation,3,0,0,5506.16
586,2020-03-19,Monkey,Wetland,6.56,Livestock Predation,0,1,2,814.89
587,2021-02-07,Elephant,Forest,3.71,Property Damage,0,2,0,5552.43
588,2022-09-21,Leopard,Forest,1.09,Crop Raiding,2,2,1,4853.52
589,2021-07-10,Tiger,Wetland,8.44,Property Damage,3,1,2,2119.06
590,2020-05-26,Monkey,Forest,2.93,Human Injury,0,2,0,4106.71
591,2021-07-31,Wild Boar,Wetland,8.17,Livestock Predation,2,0,1,803.47
592,2022-07-06,Leopard,Grassland,3.32,Human Injury,3,2,1,9911.73
593,2021-11-07,Leopard,Grassland,2.10,Human Death,2,2,1,3559.12
594,2020-04-14,Monkey,Grassland,4.44,Property Damage,3,0,2,6510.83
595,2022-11-22,Tiger,Forest,5.25,Human Injury,1,2,1,3469.82
596,2020-11-19,Elephant,Wetland,9.61,Crop Raiding,1,2,0,4547.03
597,2020-03-22,Wild Boar,Grassland,0.11,Crop Raiding,2,0,2,9926.12
598,2021-09-04,Leopard,Forest,2.03,Crop Raiding,1,0,1,5314.93
599,2020-04-08,Elephant,Grassland,3.92,Property Damage,2,1,0,6692.20
600,2022-12-15,Elephant,Wetland,6.97,Property Damage,0,1,1,9810.78
601,2020-06-01,Leopard,Wetland,5.09,Human Injury,1,2,2,8561.37
602,2021-11-09,Monkey,Forest,7.84,Property Damage,0,2,1,536.58
603,2020-01-14,Tiger,Grassland,9.65,Livestock Predation,3,2,0,8592.21
604,2022-12-20,Elephant,Wetland,5.96,Crop Raiding,1,0,0,4674.79
605,2022-07-05,Leopard,Forest,7.31,Human Injury,3,1,1,7947.95
606,2020-03-10,Leopard,Wetland,7.12,Crop Raiding,3,0,2,5601.31
607,2022-08-05,Tiger,Wetland,4.63,Crop Raiding,0,2,1,6602.62
608,2021-02-15,Monkey,Grassland,2.58,Human Death,2,1,1,6126.62
609,2022-02-14,Wild Boar,Wetland,8.47,Human Injury,1,2,2,6368.05
610,2020-03-30,Leopard,Grassland,3.23,Livestock Predation,0,1,0,9162.83
611,2020-07-08,Elephant,Grassland,6.16,Livestock Predation,0,1,1,2558.34
612,2020-10-19,Wild Boar,Wetland,2.48,Crop Raiding,2,0,2,2358.84
613,2020-11-09,Leopard,Forest,7.92,Livestock Predation,1,0,1,8118.75
614,2021-08-18,Tiger,Forest,0.14,Crop Raiding,1,1,0,207.33
615,2020-01-11,Leopard,Forest,3.04,Property Damage,2,2,1,7586.78
616,2021-01-08,Leopard,Forest,7.34,Crop Raiding,1,2,0,2989.75
617,2020-05-11,Elephant,Wetland,8.07,Human Injury,1,0,1,199.11
618,2020-06-07,Elephant,Grassland,3.39,Crop Raiding,0,2,1,2140.43
619,2020-06-28,Tiger,Wetland,7.48,Human Injury,1,2,2,1953.45
620,2020-07-07,Wild Boar,Grassland,4.30,Livestock Predation,0,2,0,280.10
621,2020-03-05,Tiger,Wetland,8.25,Livestock Predation,1,2,1,349.52
622,2021-03-07,Monkey,Grassland,7.47,Property Damage,2,2,1,5774.02
623,2022-06-08,Leopard,Forest,4.52,Property Damage,3,0,1,8645.95
624,2022-12-02,Wild Boar,Wetland,5.20,Livestock Predation,0,1,1,5529.89
625,2021-03-24,Monkey,Wetland,8.51,Livestock Predation,1,1,1,4528.79
626,2022-09-10,Monkey,Grassland,4.56,Human Death,1,0,1,1718.97
627,2021-06-28,Wild Boar,Wetland,1.22,Human Injury,3,1,1,7136.52
628,2021-08-16,Tiger,Forest,2.98,Crop Raiding,0,0,2,9840.92
629,2020-03-07,Wild Boar,Wetland,1.46,Human Death,1,1,0,513.50
630,2020-03-09,Monkey,Grassland,9.47,Property Damage,0,0,2,9284.10
631,2021-12-20,Wild Boar,Grassland,3.27,Human Death,2,1,2,5627.20
632,2020-10-15,Wild Boar,Grassland,5.55,Crop Raiding,1,1,1,2661.05
633,2021-11-20,Monkey,Wetland,8.91,Property Damage,1,0,1,9754.31
634,2021-10-11,Leopard,Grassland,5.48,Property Damage,0,0,1,9093.15
635,2021-09-09,Leopard,Grassland,8.26,Property Damage,0,1,1,1428.92
636,2020-04-07,Tiger,Grassland,8.36,Property Damage,0,0,1,1202.11
637,2021-09-27,Monkey,Grassland,8.38,Human Injury,0,0,0,7010.01
638,2021-08-15,Elephant,Forest,6.48,Human Injury,2,1,0,5583.63
639,2022-05-04,Leopard,Wetland,3.13,Human Injury,0,0,1,8328.35
640,2020-10-22,Monkey,Wetland,1.89,Human Death,3,2,1,9886.12
641,2021-03-02,Leopard,Grassland,8.78,Property Damage,3,0,0,474.62
642,2020-11-09,Leopard,Forest,3.42,Livestock Predation,2,1,1,8237.85
643,2022-03-15,Monkey,Wetland,4.98,Crop Raiding,0,1,0,7071.16
644,2020-01-22,Leopard,Forest,2.19,Livestock Predation,1,2,1,3489.72
645,2020-03-18,Wild Boar,Grassland,2.19,Human Death,3,0,0,6902.17
646,2020-08-17,Tiger,Grassland,0.46,Human Injury,0,1,0,151.75
647,2020-03-14,Elephant,Forest,2.06,Crop Raiding,1,2,2,4192.54
648,2020-01-27,Tiger,Wetland,4.34,Property Damage,0,0,2,7659.45
649,2022-08-25,Monkey,Wetland,5.43,Human Injury,1,1,1,9241.79
650,2022-09-09,Tiger,Grassland,7.24,Human Injury,2,0,1,2031.83
651,2020-09-21,Elephant,Wetland,9.73,Crop Raiding,0,0,0,5831.41
652,2021-09-02,Wild Boar,Wetland,3.02,Human Injury,3,2,2,9535.89
653,2021-04-26,Leopard,Grassland,7.38,Crop Raiding,2,1,0,4034.67
654,2021-12-29,Wild Boar,Wetland,6.70,Crop Raiding,1,0,0,9055.37
655,2020-07-19,Leopard,Wetland,4.18,Property Damage,3,2,2,4623.96
656,2020-10-19,Tiger,Grassland,7.75,Property Damage,3,1,0,6373.47
657,2021-12-21,Tiger,Grassland,3.47,Property Damage,2,0,2,1371.18
658,2020-08-23,Monkey,Grassland,4.55,Property Damage,1,2,2,9207.59
659,2022-02-26,Leopard,Grassland,1.79,Livestock Predation,2,1,2,7304.13
660,2021-04-30,Elephant,Grassland,3.18,Human Death,3,0,1,622.74
661,2022-12-26,Tiger,Wetland,0.20,Crop Raiding,0,2,0,3252.82
662,2020-12-09,Tiger,Wetland,2.41,Human Injury,1,2,1,9851.32
663,2020-07-21,Tiger,Wetland,6.10,Human Injury,1,2,2,5330.54
664,2020-01-08,Tiger,Grassland,3.90,Human Death,1,2,2,9471.41
665,2022-12-12,Leopard,Wetland,0.46,Human Injury,0,1,0,6894.44
666,2022-07-04,Wild Boar,Wetland,9.41,Livestock Predation,2,0,0,8906.02
667,2022-05-09,Wild Boar,Forest,9.35,Human Death,3,1,0,5122.89
668,2022-08-14,Elephant,Forest,5.36,Livestock Predation,0,2,0,6797.16
669,2021-02-20,Monkey,Forest,4.50,Crop Raiding,0,1,2,648.48
670,2021-03-19,Monkey,Grassland,3.22,Property Damage,2,0,2,2093.77
671,2022-04-27,Wild Boar,Grassland,5.36,Human Death,0,0,2,7868.72
672,2021-03-09,Leopard,Forest,3.26,Crop Raiding,3,0,2,3150.54
673,2022-07-03,Wild Boar,Grassland,4.74,Livestock Predation,2,0,2,2999.91
674,2022-10-10,Leopard,Grassland,5.29,Property Damage,3,0,2,3432.70
675,2020-11-04,Tiger,Grassland,8.46,Human Injury,3,1,1,2103.71
676,2020-04-27,Leopard,Forest,5.52,Human Injury,1,1,1,9129.76
677,2021-11-07,Tiger,Grassland,7.06,Livestock Predation,0,1,0,3530.36
678,2021-09-09,Elephant,Forest,9.11,Human Death,0,1,1,271.96
679,2020-06-14,Wild Boar,Forest,4.40,Livestock Predation,3,2,2,2002.84
680,2021-07-18,Leopard,Forest,3.36,Livestock Predation,0,2,0,3723.38
681,2020-10-18,Tiger,Grassland,9.20,Crop Raiding,2,1,0,6977.90
682,2020-03-01,Wild Boar,Wetland,8.36,Livestock Predation,2,1,0,7137.32
683,2022-02-18,Wild Boar,Wetland,8.44,Crop Raiding,1,1,1,7110.79
684,2021-05-15,Leopard,Grassland,2.64,Livestock Predation,3,2,2,446.55
685,2020-09-18,Monkey,Grassland,5.61,Crop Raiding,0,2,1,4530.94
686,2021-01-19,Leopard,Grassland,5.87,Human Injury,3,1,1,2970.33
687,2021-07-24,Wild Boar,Forest,1.45,Crop Raiding,2,2,0,3881.41
688,2022-05-01,Elephant,Grassland,3.65,Property Damage,2,1,2,9428.63
689,2022-07-10,Elephant,Grassland,8.96,Crop Raiding,2,0,0,6389.45
690,2021-07-22,Wild Boar,Forest,8.43,Crop Raiding,3,0,0,5674.61
691,2021-05-22,Wild Boar,Wetland,7.69,Livestock Predation,2,0,0,1209.68
692,2020-05-05,Wild Boar,Wetland,9.19,Property Damage,3,0,0,8687.39
693,2021-11-26,Tiger,Grassland,3.56,Human Injury,2,2,0,2954.21
694,2020-01-03,Leopard,Wetland,9.38,Crop Raiding,1,1,2,4697.22
695,2021-02-06,Monkey,Grassland,5.92,Property Damage,3,2,0,1277.84
696,2020-03-24,Tiger,Wetland,7.53,Human Injury,3,2,2,8215.72
697,2022-11-03,Leopard,Grassland,0.80,Livestock Predation,3,2,1,3887.69
698,2021-09-01,Tiger,Forest,3.07,Crop Raiding,1,1,1,7124.83
699,2020-12-18,Tiger,Grassland,8.03,Human Injury,1,0,1,6539.26
700,2022-10-10,Tiger,Grassland,4.51,Property Damage,3,1,2,8582.20
701,2022-08-08,Monkey,Wetland,0.33,Human Injury,2,0,0,6279.32
702,2022-11-27,Monkey,Forest,6.18,Property Damage,2,2,0,5122.83
703,2021-09-11,Monkey,Grassland,7.73,Crop Raiding,1,1,1,4153.40
704,2021-07-14,Monkey,Forest,0.18,Property Damage,0,0,2,1566.66
705,2020-10-07,Wild Boar,Forest,4.54,Property Damage,3,2,1,7500.14
706,2020-03-14,Leopard,Grassland,9.22,Human Injury,0,2,2,871.41
707,2022-07-11,Leopard,Grassland,6.36,Livestock Predation,1,0,0,977.79
708,2021-10-20,Leopard,Wetland,1.43,Crop Raiding,2,0,0,7769.42
709,2020-11-12,Monkey,Grassland,2.05,Livestock Predation,0,1,2,9280.77
710,2021-02-09,Tiger,Grassland,3.23,Property Damage,2,0,2,3361.28
711,2021-04-11,Monkey,Forest,6.61,Property Damage,3,2,1,256.77
712,2022-09-12,Tiger,Grassland,9.09,Livestock Predation,0,2,1,2068.75
713,2022-11-05,Elephant,Forest,8.18,Livestock Predation,2,2,2,6377.44
714,2022-12-31,Leopard,Wetland,6.59,Human Injury,3,2,2,7544.40
715,2020-07-31,Wild Boar,Grassland,3.51,Property Damage,1,0,1,1908.25
716,2022-12-19,Elephant,Forest,6.82,Human Injury,3,1,2,6523.66
717,2021-12-20,Elephant,Grassland,3.17,Crop Raiding,0,1,2,9867.41
718,2020-04-04,Wild Boar,Grassland,2.27,Livestock Predation,2,0,1,1244.47
719,2022-10-09,Tiger,Forest,5.10,Human Death,2,0,0,1291.96
720,2020-06-19,Monkey,Wetland,0.55,Human Injury,0,2,1,465.90
721,2020-07-03,Tiger,Grassland,2.57,Human Injury,0,0,2,8137.75
722,2021-08-08,Monkey,Forest,2.14,Crop Raiding,0,1,2,697.18
723,2022-09-06,Tiger,Grassland,3.19,Livestock Predation,3,0,0,4572.66
724,2022-06-14,Elephant,Forest,6.92,Human Injury,2,1,0,9325.35
725,2020-01-16,Leopard,Wetland,9.77,Livestock Predation,2,0,1,5626.42
726,2020-09-06,Wild Boar,Wetland,7.63,Human Death,1,2,0,6764.26
727,2022-10-03,Wild Boar,Forest,3.72,Property Damage,0,2,0,6100.87
728,2022-01-28,Elephant,Wetland,5.17,Human Death,3,1,2,3929.62
729,2021-04-25,Tiger,Forest,1.06,Property Damage,3,2,0,8293.05
730,2020-12-13,Wild Boar,Grassland,3.47,Property Damage,1,1,2,6989.12
731,2022-07-15,Elephant,Wetland,0.12,Human Injury,2,2,0,216.41
732,2022-09-14,Leopard,Wetland,6.48,Crop Raiding,3,2,1,4623.54
733,2022-01-15,Elephant,Grassland,2.51,Crop Raiding,3,0,2,7657.70
734,2020-06-30,Monkey,Grassland,2.67,Human Death,3,0,2,663.44
735,2021-09-28,Leopard,Wetland,2.48,Livestock Predation,2,2,0,7110.95
736,2020-03-13,Monkey,Wetland,6.95,Property Damage,2,1,2,8086.82
737,2022-03-11,Elephant,Wetland,3.49,Livestock Predation,0,1,2,574.76
738,2020-04-18,Leopard,Wetland,1.35,Human Death,0,2,2,8280.11
739,2021-01-24,Elephant,Forest,1.23,Human Death,2,2,1,595.14
740,2021-10-12,Elephant,Grassland,9.69,Property Damage,3,1,0,898.49
741,2020-11-15,Tiger,Grassland,6.80,Human Death,0,1,1,3237.71
742,2020-03-31,Tiger,Wetland,0.03,Property Damage,2,0,0,9205.32
743,2022-12-10,Tiger,Wetland,0.09,Human Death,3,0,0,7229.11
744,2021-03-12,Wild Boar,Grassland,9.22,Livestock Predation,1,1,0,4432.09
745,2022-07-21,Wild Boar,Forest,8.03,Crop Raiding,3,1,1,3289.11
746,2020-06-16,Tiger,Grassland,2.56,Crop Raiding,1,1,0,2239.78
747,2021-03-07,Monkey,Forest,5.51,Livestock Predation,2,1,2,2099.83
748,2022-01-17,Monkey,Grassland,8.95,Crop Raiding,0,2,1,9994.19
749,2020-07-25,Tiger,Wetland,9.07,Human Death,0,0,0,620.48
750,2022-10-26,Leopard,Forest,0.72,Crop Raiding,3,0,0,4320.29
751,2022-07-17,Elephant,Grassland,7.37,Human Injury,2,1,2,833.83
752,2021-11-22,Tiger,Forest,3.70,Property Damage,2,2,0,454.27
753,2020-04-10,Elephant,Grassland,9.48,Human Injury,2,0,0,3189.25
754,2020-09-11,Tiger,Wetland,5.83,Human Injury,1,2,1,5381.04
755,2021-11-07,Leopard,Forest,5.50,Crop Raiding,3,1,1,3609.64
756,2021-11-19,Monkey,Grassland,1.56,Crop Raiding,2,1,2,7291.19
757,2020-05-24,Monkey,Forest,6.50,Crop Raiding,2,2,1,7214.08
758,2020-01-26,Tiger,Wetland,2.96,Property Damage,3,1,0,8680.64
759,2022-04-04,Tiger,Wetland,0.78,Livestock Predation,2,1,1,526.60
760,2021-01-18,Wild Boar,Forest,6.90,Livestock Predation,0,1,2,6484.55
761,2022-03-05,Tiger,Wetland,4.20,Human Injury,2,0,2,1521.64
762,2021-04-11,Elephant,Forest,7.08,Livestock Predation,3,2,0,4550.70
763,2021-06-06,Monkey,Grassland,0.64,Human Death,3,2,1,7440.57
764,2022-11-02,Elephant,Wetland,1.10,Human Death,1,1,2,2819.56
765,2022-07-30,Wild Boar,Wetland,8.57,Human Death,1,1,0,7969.82
766,2020-02-05,Wild Boar,Grassland,1.57,Livestock Predation,1,0,1,7275.68
767,2021-06-09,Wild Boar,Wetland,5.00,Human Injury,1,0,2,3172.85
768,2021-08-03,Tiger,Forest,5.82,Human Injury,0,2,0,2441.98
769,2021-08-18,Elephant,Grassland,0.13,Crop Raiding,3,0,1,6356.78
770,2021-11-17,Wild Boar,Grassland,9.22,Livestock Predation,2,2,2,8165.88
771,2020-09-05,Wild Boar,Grassland,6.66,Human Injury,3,0,1,5580.35
772,2022-08-15,Wild Boar,Wetland,7.72,Livestock Predation,3,2,2,3524.22
773,2021-09-06,Leopard,Forest,6.15,Livestock Predation,0,1,0,1204.32
774,2021-01-28,Wild Boar,Forest,0.64,Livestock Predation,1,2,1,180.35
775,2020-12-30,Monkey,Grassland,7.48,Crop Raiding,1,1,2,2618.53
776,2022-12-01,Monkey,Forest,2.36,Property Damage,0,2,0,7968.25
777,2021-02-15,Wild Boar,Grassland,9.89,Property Damage,0,0,2,9086.08
778,2022-12-16,Leopard,Forest,0.33,Crop Raiding,0,1,0,3913.44
779,2021-05-14,Leopard,Grassland,6.16,Property Damage,1,0,0,1848.42
780,2021-08-15,Leopard,Wetland,7.84,Human Death,0,2,1,5101.85
781,2021-02-27,Monkey,Grassland,8.95,Human Injury,2,0,0,1679.35
782,2020-05-20,Monkey,Wetland,1.92,Human Injury,2,0,0,9469.22
783,2020-12-25,Wild Boar,Forest,4.32,Crop Raiding,1,1,2,389.44
784,2021-09-19,Monkey,Wetland,4.96,Livestock Predation,0,0,0,4308.63
785,2021-09-24,Tiger,Grassland,3.45,Livestock Predation,1,2,2,9223.02
786,2021-02-27,Monkey,Wetland,7.29,Livestock Predation,0,1,1,5933.79
787,2020-12-18,Monkey,Forest,7.32,Crop Raiding,1,0,0,4116.34
788,2020-02-06,Leopard,Forest,4.47,Property Damage,0,2,1,5594.23
789,2021-02-10,Tiger,Forest,8.21,Human Injury,2,2,2,3288.84
790,2022-12-22,Elephant,Grassland,1.98,Human Death,0,2,0,9376.81
791,2022-03-05,Wild Boar,Wetland,2.14,Property Damage,2,2,0,4790.42
792,2022-07-15,Leopard,Wetland,5.46,Human Injury,2,0,0,3783.62
793,2020-03-17,Elephant,Wetland,8.95,Livestock Predation,3,0,2,4145.46
794,2022-11-03,Monkey,Grassland,0.92,Human Injury,1,0,0,2113.25
795,2021-09-13,Leopard,Wetland,1.94,Property Damage,1,0,0,3179.48
796,2022-12-13,Elephant,Grassland,9.91,Human Injury,0,0,1,2297.06
797,2020-02-21,Wild Boar,Wetland,3.32,Human Death,1,2,2,3393.39
798,2021-10-21,Wild Boar,Wetland,0.06,Crop Raiding,0,2,1,179.85
799,2021-06-03,Leopard,Wetland,5.81,Human Death,0,0,0,6622.87
800,2022-08-09,Elephant,Forest,9.86,Property Damage,0,1,2,308.16
801,2021-12-14,Tiger,Forest,5.78,Crop Raiding,3,0,1,3303.56
802,2021-03-25,Elephant,Forest,7.16,Livestock Predation,2,1,2,9035.44
803,2020-06-29,Tiger,Wetland,5.95,Property Damage,2,0,0,6231.67
804,2022-01-15,Wild Boar,Forest,2.80,Crop Raiding,2,2,0,4787.13
805,2022-09-18,Monkey,Wetland,3.37,Crop Raiding,2,0,0,7251.10
806,2020-11-07,Monkey,Grassland,6.08,Human Death,1,1,2,5303.74
807,2021-04-26,Monkey,Forest,2.39,Property Damage,0,1,1,2950.31
808,2021-04-20,Monkey,Grassland,4.81,Human Death,0,2,2,5911.77
809,2020-07-10,Monkey,Forest,4.34,Property Damage,3,1,2,1542.42
810,2020-04-03,Wild Boar,Wetland,9.88,Crop Raiding,1,2,0,8858.56
811,2022-09-11,Leopard,Forest,3.64,Human Death,0,2,1,129.12
812,2021-07-12,Monkey,Forest,9.86,Livestock Predation,3,1,0,3909.55
813,2022-11-07,Tiger,Forest,6.09,Crop Raiding,2,0,0,2016.63
814,2022-08-07,Leopard,Forest,7.78,Livestock Predation,1,2,0,4327.62
815,2022-09-04,Leopard,Wetland,5.26,Livestock Predation,1,0,1,0.49
816,2022-12-02,Tiger,Forest,3.88,Livestock Predation,1,1,1,8248.98
817,2020-05-04,Wild Boar,Grassland,7.73,Crop Raiding,2,0,2,8335.57
818,2022-11-30,Leopard,Grassland,5.60,Livestock Predation,2,1,1,8697.85
819,2022-01-08,Leopard,Wetland,2.86,Property Damage,2,1,0,2803.59
820,2021-01-26,Monkey,Wetland,2.17,Crop Raiding,1,2,2,8360.94
821,2021-06-05,Monkey,Forest,4.04,Livestock Predation,3,2,0,8799.58
822,2022-04-21,Tiger,Wetland,1.69,Human Death,0,2,2,1232.94
823,2022-07-18,Leopard,Grassland,9.27,Livestock Predation,2,2,2,9974.44
824,2020-07-21,Wild Boar,Forest,3.80,Human Injury,3,0,0,5788.98
825,2022-10-09,Monkey,Forest,6.31,Crop Raiding,2,1,0,2809.68
826,2020-04-15,Tiger,Wetland,9.37,Human Injury,2,2,1,3273.43
827,2021-10-21,Tiger,Grassland,1.21,Crop Raiding,0,0,0,2128.29
828,2021-09-21,Monkey,Forest,3.16,Human Death,3,1,2,3256.63
829,2020-12-31,Elephant,Wetland,7.26,Human Death,0,1,1,6255.71
830,2020-02-01,Leopard,Wetland,6.09,Livestock Predation,3,2,2,6123.99
831,2021-09-03,Tiger,Forest,5.27,Human Death,0,2,2,5768.73
832,2021-07-13,Wild Boar,Grassland,9.02,Human Injury,3,1,1,9388.33
833,2020-03-19,Leopard,Grassland,1.34,Human Injury,1,0,2,5096.76
834,2021-12-27,Wild Boar,Wetland,6.64,Livestock Predation,2,2,1,428.71
835,2020-01-11,Leopard,Wetland,1.70,Human Death,3,1,1,8323.87
836,2020-08-13,Tiger,Wetland,7.01,Crop Raiding,1,1,1,2008.27
837,2020-01-19,Monkey,Forest,5.88,Livestock Predation,3,0,1,8007.78
838,2020-03-03,Elephant,Forest,2.57,Crop Raiding,1,1,0,4897.07
839,2022-09-09,Wild Boar,Forest,6.31,Crop Raiding,0,1,1,4841.84
840,2020-05-06,Leopard,Forest,5.48,Property Damage,3,0,2,3509.42
841,2020-10-24,Tiger,Wetland,4.70,Livestock Predation,0,2,1,3415.59
842,2022-06-19,Monkey,Grassland,1.62,Human Death,2,0,0,8025.96
843,2020-01-17,Elephant,Grassland,4.76,Crop Raiding,3,0,2,5906.87
844,2021-03-17,Wild Boar,Grassland,2.25,Human Death,2,0,1,4210.84
845,2021-07-20,Monkey,Grassland,3.53,Livestock Predation,1,2,1,9476.91
846,2021-04-27,Wild Boar,Wetland,1.23,Property Damage,0,0,1,3167.83
847,2020-04-19,Leopard,Grassland,8.70,Human Death,0,2,2,135.11
848,2022-01-29,Monkey,Grassland,3.29,Property Damage,3,2,1,9212.34
849,2021-04-26,Wild Boar,Wetland,8.18,Crop Raiding,1,0,0,5759.62
850,2020-05-29,Wild Boar,Wetland,6.31,Livestock Predation,1,2,0,8244.69
851,2022-12-28,Wild Boar,Wetland,0.38,Livestock Predation,1,2,2,2418.02
852,2020-08-03,Elephant,Wetland,4.60,Property Damage,0,1,1,1549.35
853,2021-12-16,Elephant,Wetland,0.88,Property Damage,3,1,0,3273.94
854,2020-12-23,Wild Boar,Grassland,1.65,Human Death,3,2,1,378.48
855,2022-07-17,Monkey,Wetland,6.40,Property Damage,3,0,0,2111.98
856,2020-10-23,Monkey,Grassland,1.65,Crop Raiding,1,2,0,5926.36
857,2020-11-29,Leopard,Wetland,1.52,Crop Raiding,3,1,1,1035.02
858,2022-11-01,Tiger,Wetland,0.90,Property Damage,3,1,2,9918.13
859,2022-06-26,Wild Boar,Grassland,1.27,Crop Raiding,2,2,0,2022.93
860,2020-08-29,Elephant,Wetland,6.61,Property Damage,3,0,0,3116.04
861,2022-04-13,Tiger,Forest,5.94,Human Injury,2,0,1,9520.21
862,2022-04-19,Leopard,Forest,6.08,Human Injury,0,2,1,830.78
863,2021-11-17,Monkey,Wetland,4.71,Human Injury,1,2,1,1208.30
864,2020-10-10,Monkey,Grassland,0.79,Property Damage,3,1,0,1415.44
865,2021-07-15,Wild Boar,Grassland,5.58,Property Damage,2,2,0,3262.60
866,2020-10-28,Monkey,Forest,0.46,Property Damage,1,1,2,923.55
867,2022-05-06,Monkey,Wetland,2.05,Property Damage,2,1,0,757.67
868,2022-09-19,Tiger,Wetland,4.72,Crop Raiding,1,2,0,3644.64
869,2020-01-06,Monkey,Grassland,2.09,Human Injury,1,1,2,8426.26
870,2021-04-11,Tiger,Wetland,3.23,Crop Raiding,1,1,0,8336.19
871,2022-06-15,Wild Boar,Forest,5.42,Livestock Predation,3,1,2,8607.89
872,2021-12-01,Tiger,Wetland,1.14,Human Injury,2,1,2,6219.20
873,2022-06-13,Wild Boar,Forest,5.07,Property Damage,3,0,0,6917.73
874,2020-01-01,Leopard,Grassland,8.51,Human Death,1,2,0,8473.79
875,2020-09-13,Monkey,Forest,4.89,Human Death,3,1,2,8488.14
876,2021-06-10,Monkey,Wetland,4.74,Crop Raiding,0,1,1,8795.10
877,2021-10-28,Tiger,Grassland,1.99,Crop Raiding,3,1,1,549.52
878,2021-02-05,Wild Boar,Forest,4.92,Property Damage,1,0,0,5947.11
879,2020-12-15,Elephant,Grassland,6.14,Livestock Predation,0,2,0,8633.31
880,2020-11-26,Elephant,Wetland,7.31,Crop Raiding,1,1,2,6401.69
881,2020-02-02,Tiger,Wetland,5.28,Property Damage,2,1,2,9218.05
882,2020-08-20,Elephant,Forest,6.63,Property Damage,0,0,1,1656.59
883,2021-04-29,Monkey,Grassland,9.03,Crop Raiding,2,1,2,6338.72
884,2022-07-27,Wild Boar,Forest,3.71,Property Damage,0,2,2,7470.93
885,2020-08-16,Tiger,Wetland,3.09,Human Injury,1,2,1,8452.51
886,2021-02-03,Leopard,Wetland,1.28,Human Injury,3,2,1,5327.97
887,2022-12-15,Tiger,Forest,8.25,Crop Raiding,3,1,0,2139.84
888,2021-06-03,Wild Boar,Forest,8.81,Human Death,0,0,1,2194.19
889,2020-06-15,Monkey,Grassland,1.73,Crop Raiding,3,0,0,7843.72
890,2020-10-29,Wild Boar,Wetland,0.44,Livestock Predation,2,0,2,3663.59
891,2022-01-15,Leopard,Wetland,6.08,Crop Raiding,0,0,2,409.76
892,2022-03-29,Leopard,Forest,9.16,Livestock Predation,0,0,2,5825.49
893,2020-05-22,Tiger,Wetland,1.46,Property Damage,0,1,1,4686.31
894,2022-09-17,Tiger,Grassland,2.94,Human Injury,2,0,0,9922.58
895,2020-08-26,Monkey,Forest,8.28,Human Death,1,2,1,4903.92
896,2020-03-23,Tiger,Wetland,9.81,Human Death,3,0,1,8999.34
897,2022-10-08,Tiger,Grassland,6.76,Property Damage,2,1,0,4737.87
898,2021-08-21,Elephant,Grassland,4.19,Human Injury,3,0,1,1797.81
899,2020-04-28,Leopard,Wetland,3.82,Crop Raiding,0,2,0,5217.29
900,2021-05-29,Tiger,Forest,2.91,Human Death,3,0,2,7435.68
901,2022-05-09,Leopard,Wetland,4.44,Crop Raiding,1,1,2,5119.64
902,2022-11-16,Wild Boar,Grassland,5.16,Human Injury,3,0,1,1896.82
903,2020-08-29,Elephant,Grassland,6.34,Livestock Predation,1,1,0,595.15
904,2022-04-05,Tiger,Grassland,9.06,Human Injury,1,2,2,7186.77
905,2020-04-16,Wild Boar,Forest,7.03,Livestock Predation,0,2,2,376.12
906,2022-10-02,Wild Boar,Forest,0.35,Livestock Predation,2,2,1,1057.17
907,2020-11-20,Wild Boar,Grassland,8.92,Livestock Predation,3,2,1,652.54
908,2021-05-24,Elephant,Wetland,3.79,Human Injury,1,2,2,765.49
909,2021-03-31,Tiger,Forest,3.42,Human Injury,2,0,1,583.87
910,2022-03-16,Leopard,Forest,6.16,Property Damage,1,2,0,5720.79
911,2022-12-17,Leopard,Wetland,2.68,Property Damage,2,1,0,4273.72
912,2020-05-19,Wild Boar,Wetland,5.59,Human Death,3,0,1,8206.25
913,2021-05-12,Monkey,Forest,9.98,Crop Raiding,0,0,0,1646.54
914,2021-05-01,Elephant,Grassland,5.46,Property Damage,3,0,2,1769.66
915,2020-08-24,Elephant,Grassland,1.82,Property Damage,2,1,2,3026.09
916,2021-03-01,Wild Boar,Wetland,3.73,Livestock Predation,2,0,2,8282.83
917,2021-09-15,Elephant,Forest,6.24,Human Injury,1,2,2,2682.38
918,2022-11-25,Elephant,Wetland,1.27,Property Damage,1,1,2,8934.71
919,2020-01-12,Wild Boar,Grassland,8.56,Crop Raiding,1,2,0,1135.47
920,2020-10-29,Elephant,Grassland,9.98,Property Damage,2,1,1,7444.57
921,2021-05-14,Monkey,Forest,0.05,Property Damage,1,1,0,4737.34
922,2021-01-01,Leopard,Forest,0.73,Human Death,3,1,2,8681.12
923,2020-08-28,Monkey,Grassland,8.96,Human Injury,1,2,2,4555.53
924,2022-03-27,Leopard,Grassland,8.37,Property Damage,2,2,1,5446.19
925,2022-01-22,Wild Boar,Grassland,8.00,Human Injury,1,0,2,2775.75
926,2021-12-14,Elephant,Grassland,1.34,Property Damage,3,1,2,9595.96
927,2020-01-31,Wild Boar,Forest,3.19,Human Death,2,1,2,6752.02
928,2020-11-18,Monkey,Grassland,0.23,Property Damage,2,2,2,8277.55
929,2020-07-27,Leopard,Wetland,3.24,Crop Raiding,2,1,0,6460.30
930,2020-01-04,Wild Boar,Wetland,5.60,Livestock Predation,1,0,0,5828.38
931,2021-08-09,Monkey,Wetland,5.53,Livestock Predation,2,0,1,2081.66
932,2020-10-21,Leopard,Forest,9.83,Human Injury,0,0,0,2785.67
933,2021-08-08,Elephant,Grassland,9.88,Property Damage,0,2,2,1734.59
934,2021-08-14,Monkey,Wetland,7.35,Property Damage,1,0,0,5714.96
935,2021-04-23,Monkey,Forest,8.28,Human Death,0,0,1,8439.27
936,2020-03-01,Monkey,Grassland,0.51,Human Death,1,2,1,8906.90
937,2020-12-28,Tiger,Forest,2.34,Property Damage,0,1,1,9784.00
938,2021-01-02,Leopard,Forest,2.55,Livestock Predation,0,2,1,7461.13
939,2020-07-23,Tiger,Wetland,2.87,Crop Raiding,0,2,1,1860.58
940,2022-10-12,Leopard,Forest,2.27,Crop Raiding,3,0,2,2476.43
941,2020-06-23,Wild Boar,Forest,2.93,Human Death,3,1,2,8229.09
942,2021-09-22,Monkey,Grassland,1.26,Human Injury,3,0,2,2061.45
943,2022-04-20,Elephant,Wetland,7.10,Property Damage,1,1,2,8012.45
944,2022-01-28,Wild Boar,Wetland,8.48,Crop Raiding,2,1,2,7041.18
945,2021-04-05,Elephant,Grassland,9.86,Human Injury,2,2,0,7174.66
946,2022-06-18,Elephant,Grassland,9.93,Human Death,0,2,0,1629.79
947,2022-09-11,Wild Boar,Forest,4.47,Human Death,3,0,1,9222.47
948,2022-08-11,Monkey,Grassland,0.73,Human Injury,0,0,0,9150.34
949,2020-02-08,Monkey,Grassland,6.41,Livestock Predation,2,2,1,5421.96
950,2021-02-25,Wild Boar,Grassland,7.95,Human Injury,3,1,0,4818.53
951,2021-01-13,Wild Boar,Wetland,6.04,Livestock Predation,0,0,0,1847.01
952,2020-12-05,Leopard,Grassland,1.43,Human Death,3,1,2,5764.36
953,2021-10-13,Tiger,Wetland,9.82,Crop Raiding,3,0,2,4303.51
954,2021-10-21,Leopard,Wetland,8.63,Crop Raiding,3,1,1,145.46
955,2020-01-03,Leopard,Grassland,0.81,Livestock Predation,3,0,0,5539.92
956,2020-05-19,Elephant,Wetland,5.87,Crop Raiding,2,1,0,9045.80
957,2022-07-31,Wild Boar,Grassland,3.55,Crop Raiding,1,1,0,747.96
958,2022-03-13,Elephant,Wetland,3.88,Human Injury,2,1,0,3568.03
959,2021-04-15,Leopard,Grassland,7.48,Human Death,0,0,0,7443.07
960,2020-12-23,Wild Boar,Wetland,7.61,Livestock Predation,0,1,0,7958.69
961,2021-08-24,Wild Boar,Forest,1.89,Livestock Predation,3,0,1,1047.54
962,2022-12-22,Monkey,Wetland,9.86,Property Damage,0,0,2,201.54
963,2022-05-12,Monkey,Grassland,1.77,Property Damage,3,1,0,2698.95
964,2020-04-11,Monkey,Wetland,9.21,Human Injury,3,1,2,7059.92
965,2020-03-05,Monkey,Wetland,10.00,Crop Raiding,0,2,2,6258.82
966,2022-04-05,Wild Boar,Grassland,4.22,Human Injury,3,1,0,6416.93
967,2020-01-13,Tiger,Forest,5.81,Crop Raiding,2,2,2,7166.65
968,2022-03-26,Wild Boar,Forest,7.75,Property Damage,2,2,0,557.40
969,2022-02-20,Tiger,Forest,2.01,Human Death,3,2,0,8711.40
970,2021-02-20,Leopard,Grassland,1.37,Crop Raiding,0,1,1,5686.08
971,2022-03-10,Monkey,Wetland,6.55,Livestock Predation,0,2,1,2178.81
972,2021-11-13,Elephant,Wetland,6.66,Livestock Predation,1,0,2,1015.15
973,2022-04-25,Elephant,Wetland,3.19,Crop Raiding,1,2,1,6981.02
974,2020-08-12,Leopard,Forest,8.32,Human Death,1,0,0,1927.26
975,2022-05-01,Monkey,Forest,1.03,Crop Raiding,1,1,2,8629.31
976,2020-05-10,Tiger,Grassland,6.77,Crop Raiding,3,2,2,7344.48
977,2022-06-05,Leopard,Forest,7.00,Property Damage,3,2,2,6737.22
978,2022-06-05,Elephant,Forest,2.75,Human Injury,0,1,1,4579.38
979,2022-12-18,Monkey,Forest,9.64,Human Death,1,2,0,5084.85
980,2022-10-07,Wild Boar,Grassland,4.82,Human Injury,0,0,2,3988.51
981,2022-03-01,Tiger,Grassland,9.81,Property Damage,3,0,2,5734.56
982,2020-10-28,Wild Boar,Grassland,2.80,Property Damage,3,0,1,2361.53
983,2020-11-21,Elephant,Forest,1.43,Property Damage,3,1,1,947.02
984,2020-01-06,Tiger,Wetland,6.71,Human Death,0,0,2,216.85
985,2022-09-06,Tiger,Forest,0.15,Human Injury,1,2,0,5342.98
986,2020-01-08,Wild Boar,Grassland,3.78,Human Death,2,2,0,6515.89
987,2022-10-29,Monkey,Wetland,9.42,Property Damage,3,1,1,2326.22
988,2022-07-20,Elephant,Wetland,4.12,Property Damage,1,2,1,83.79
989,2022-11-25,Elephant,Grassland,7.16,Property Damage,1,2,2,6129.05
990,2020-10-11,Wild Boar,Forest,2.64,Property Damage,3,0,1,8560.11
991,2021-12-19,Elephant,Forest,1.52,Human Injury,1,1,0,4064.24
992,2021-04-08,Leopard,Grassland,8.57,Livestock Predation,3,1,1,5669.74
993,2021-09-30,Elephant,Wetland,1.68,Property Damage,1,2,2,677.00
994,2021-07-30,Tiger,Grassland,6.32,Human Death,2,2,2,5389.35
995,2022-12-17,Monkey,Grassland,1.20,Human Death,1,2,1,4753.26
996,2020-11-23,Wild Boar,Grassland,1.70,Property Damage,2,2,1,3176.68
997,2021-07-13,Leopard,Forest,6.13,Human Death,2,2,1,4016.29
998,2022-06-07,Tiger,Forest,5.99,Property Damage,0,0,0,164.37
999,2020-07-21,Monkey,Wetland,6.42,Property Damage,0,2,2,455.14
1000,2022-04-21,Wild Boar,Forest,2.92,Livestock Predation,3,1,2,6847.07
